<?xml version="1.0" encoding="UTF-8"?>
<configuration>

    <!-- Define the console appender -->
    <appender name="CONSOLE" class="ch.qos.logback.core.ConsoleAppender">
        <encoder>
            <pattern>%d{yyyy-MM-dd HH:mm:ss} - %msg%n</pattern>
        </encoder>
    </appender>

    <!-- Set the logging level for the root logger to INFO -->
    <root level="INFO">
        <appender-ref ref="CONSOLE" />
    </root>

    <!-- Set the logging level for the Spring framework to INFO -->
    <logger name="org.springframework" level="INFO" />

    <!-- Set the logging level for your application's packages to INFO -->
    <logger name="com.library" level="INFO" />

</configuration>
